{
    "period": 0.02,
    "ground motion": "th42",
    "dt": 0.01,
    "ops_paras": {
        "Steel01": [
            9800,
            98696.04401089359,
            0.02
        ]
    },
    "uy": 0.09929475996949101,
    "fv_duration": 0.0,
    "scaling_factor": 3.6845597081620687,
    "P": 0,
    "height": 1,
    "damping": 0.05,
    "mass": 1,
    "E": 98696.04401089359,
    "Fy": 9800
}