{
    "global scaling": 1.0,
    "//": "Total scaling factor is equal to global scaling factor multiplied by individual scaling factors.",
    "th1": 1.534958168057213,
    "th2": 1.377110483160083,
    "th3": 2.526387880866321,
    "th4": 2.095394792589232,
    "th5": 2.4972087999136816,
    "th6": 1.8341713979649674,
    "th7": 1.5832216959815464,
    "th8": 1.0353517481756291,
    "th9": 2.4573886878896265,
    "th10": 1.225123771409677,
    "th11": 1.7064451128381937,
    "th12": 2.6436980896444604,
    "th13": 2.5917058430669035,
    "th14": 2.6681860997885525,
    "th15": 1.8242973001155098,
    "th16": 2.142479535303229,
    "th17": 3.3465925974120863,
    "th18": 1.2064123507012596,
    "th19": 4.804572594323614,
    "th20": 3.0156886832446625,
    "th21": 1.0647430067121066,
    "th22": 1.751904469029648,
    "th23": 3.1214711548242366,
    "th24": 1.2429414155233678,
    "th25": 0.724090715258905,
    "th26": 1.5995716698793188,
    "th27": 4.079687887203472,
    "th28": 1.6331259143792047,
    "th29": 3.151074612769449,
    "th30": 1.6402952489735025,
    "th31": 1.6968205757152584,
    "th32": 2.0060831568289164,
    "th33": 1.7611215386282328,
    "th34": 2.051277248892791,
    "th35": 1.7649571040924341,
    "th36": 2.352347772583134,
    "th37": 5.223311122735326,
    "th38": 3.2878539806933036,
    "th39": 3.459238010719073,
    "th40": 2.9815615736782948,
    "th41": 0.9771564027375669,
    "th42": 3.6845597081620687,
    "th43": 2.4130501208753627,
    "th44": 3.3033275734437493
}