{
    "para_name": [
        "T",
        "m",
        "zeta",
        "P",
        "Fy",
        "k",
        "alpha",
        "T",
        "m",
        "Cy",
        "P_norm"
    ],
    "independent_para": [
        "zeta",
        "P",
        "Fy",
        "k",
        "alpha"
    ],
    "dependent_para": {
        "T": "k",
        "m": "k",
        "Cy": "Fy",
        "P_norm": "P"
    },
    "para_values": {
        "T": [
            0.2,
            0.4,
            0.6000000000000001,
            0.8,
            1.0,
            1.2,
            1.4000000000000001,
            1.6,
            1.8,
            2.0
        ],
        "m": [
            1
        ],
        "zeta": [
            0.05
        ],
        "P": [
            0
        ],
        "Fy": [
            3924.0,
            7848.0,
            11772.0
        ],
        "k": [
            986.9604401089356,
            246.7401100272339,
            109.66227112321506,
            61.685027506808474,
            39.47841760435743,
            27.415567780803773,
            20.142049798141542,
            15.421256876702119,
            12.184696791468342,
            9.869604401089358
        ],
        "alpha": [
            0,
            0.05,
            0.1
        ],
        "Cy": [
            0.4,
            0.8,
            1.2
        ],
        "P_norm": [
            0.8
        ]
    },
    "material_format": {
        "Steel01": [
            "Fy",
            "k",
            "alpha"
        ]
    },
    "ground_motions": {
        "suffix": ".th",
        "dt_SF": {
            "th1": [
                0.01,
                5.984352224424968
            ],
            "th2": [
                0.01,
                5.554629247766534
            ],
            "th3": [
                0.01,
                8.389483593703613
            ],
            "th4": [
                0.01,
                8.575412849367336
            ],
            "th5": [
                0.01,
                8.86180174871665
            ],
            "th6": [
                0.01,
                7.219804096295211
            ],
            "th7": [
                0.01,
                7.5484081268456755
            ]
        }
    },
    "SDOF_models": {
        "1": [
            0.05,
            0,
            3924.0,
            986.9604401089356,
            0
        ],
        "2": [
            0.05,
            0,
            3924.0,
            986.9604401089356,
            0.05
        ],
        "3": [
            0.05,
            0,
            3924.0,
            986.9604401089356,
            0.1
        ],
        "4": [
            0.05,
            0,
            3924.0,
            246.7401100272339,
            0
        ],
        "5": [
            0.05,
            0,
            3924.0,
            246.7401100272339,
            0.05
        ],
        "6": [
            0.05,
            0,
            3924.0,
            246.7401100272339,
            0.1
        ],
        "7": [
            0.05,
            0,
            3924.0,
            109.66227112321506,
            0
        ],
        "8": [
            0.05,
            0,
            3924.0,
            109.66227112321506,
            0.05
        ],
        "9": [
            0.05,
            0,
            3924.0,
            109.66227112321506,
            0.1
        ],
        "10": [
            0.05,
            0,
            3924.0,
            61.685027506808474,
            0
        ],
        "11": [
            0.05,
            0,
            3924.0,
            61.685027506808474,
            0.05
        ],
        "12": [
            0.05,
            0,
            3924.0,
            61.685027506808474,
            0.1
        ],
        "13": [
            0.05,
            0,
            3924.0,
            39.47841760435743,
            0
        ],
        "14": [
            0.05,
            0,
            3924.0,
            39.47841760435743,
            0.05
        ],
        "15": [
            0.05,
            0,
            3924.0,
            39.47841760435743,
            0.1
        ],
        "16": [
            0.05,
            0,
            3924.0,
            27.415567780803773,
            0
        ],
        "17": [
            0.05,
            0,
            3924.0,
            27.415567780803773,
            0.05
        ],
        "18": [
            0.05,
            0,
            3924.0,
            27.415567780803773,
            0.1
        ],
        "19": [
            0.05,
            0,
            3924.0,
            20.142049798141542,
            0
        ],
        "20": [
            0.05,
            0,
            3924.0,
            20.142049798141542,
            0.05
        ],
        "21": [
            0.05,
            0,
            3924.0,
            20.142049798141542,
            0.1
        ],
        "22": [
            0.05,
            0,
            3924.0,
            15.421256876702119,
            0
        ],
        "23": [
            0.05,
            0,
            3924.0,
            15.421256876702119,
            0.05
        ],
        "24": [
            0.05,
            0,
            3924.0,
            15.421256876702119,
            0.1
        ],
        "25": [
            0.05,
            0,
            3924.0,
            12.184696791468342,
            0
        ],
        "26": [
            0.05,
            0,
            3924.0,
            12.184696791468342,
            0.05
        ],
        "27": [
            0.05,
            0,
            3924.0,
            12.184696791468342,
            0.1
        ],
        "28": [
            0.05,
            0,
            3924.0,
            9.869604401089358,
            0
        ],
        "29": [
            0.05,
            0,
            3924.0,
            9.869604401089358,
            0.05
        ],
        "30": [
            0.05,
            0,
            3924.0,
            9.869604401089358,
            0.1
        ],
        "31": [
            0.05,
            0,
            7848.0,
            986.9604401089356,
            0
        ],
        "32": [
            0.05,
            0,
            7848.0,
            986.9604401089356,
            0.05
        ],
        "33": [
            0.05,
            0,
            7848.0,
            986.9604401089356,
            0.1
        ],
        "34": [
            0.05,
            0,
            7848.0,
            246.7401100272339,
            0
        ],
        "35": [
            0.05,
            0,
            7848.0,
            246.7401100272339,
            0.05
        ],
        "36": [
            0.05,
            0,
            7848.0,
            246.7401100272339,
            0.1
        ],
        "37": [
            0.05,
            0,
            7848.0,
            109.66227112321506,
            0
        ],
        "38": [
            0.05,
            0,
            7848.0,
            109.66227112321506,
            0.05
        ],
        "39": [
            0.05,
            0,
            7848.0,
            109.66227112321506,
            0.1
        ],
        "40": [
            0.05,
            0,
            7848.0,
            61.685027506808474,
            0
        ],
        "41": [
            0.05,
            0,
            7848.0,
            61.685027506808474,
            0.05
        ],
        "42": [
            0.05,
            0,
            7848.0,
            61.685027506808474,
            0.1
        ],
        "43": [
            0.05,
            0,
            7848.0,
            39.47841760435743,
            0
        ],
        "44": [
            0.05,
            0,
            7848.0,
            39.47841760435743,
            0.05
        ],
        "45": [
            0.05,
            0,
            7848.0,
            39.47841760435743,
            0.1
        ],